grid_point,pose,E_explicit_kcal,E_imp_cross_kcal,E_corrected_kcal,E_int_corrected_kcal
gp0,b0_rot0,-5909.628700624597,-4.961993390350051,-5904.666707234246,-4.446477001707535
gp0,b0_rot90,-5909.628700624597,-4.961993390350051,-5904.666707234246,-4.446477001707535
gp0,b0_rot180,-5909.628700624596,-4.961993390350051,-5904.666707234245,-4.446477001706626
gp0,b0_rot270,-5909.628700624594,-4.961993390350051,-5904.666707234243,-4.446477001704807
gp0,b1_rot0,-5886.71383348276,-14.480814574606093,-5872.233018908153,27.9872113243855
gp0,b1_rot90,-5886.713833482759,-14.480814574606093,-5872.233018908152,27.987211324386408
gp0,b1_rot180,-5886.713833482758,-14.480814574606093,-5872.233018908151,27.987211324387317
gp0,b1_rot270,-5886.713833482755,-14.480814574606093,-5872.233018908149,27.987211324390046
gp1,b0_rot0,-5909.628700624597,-4.961993390350051,-5904.666707234246,-4.446477001707535
gp1,b0_rot90,-5909.628700624597,-4.961993390350051,-5904.666707234246,-4.446477001707535
gp1,b0_rot180,-5909.628700624596,-4.961993390350051,-5904.666707234245,-4.446477001706626
gp1,b0_rot270,-5909.628700624594,-4.961993390350051,-5904.666707234243,-4.446477001704807
gp1,b1_rot0,-5886.7138334853935,-14.480814574606093,-5872.233018910787,27.9872113217516
gp1,b1_rot90,-5886.713833485391,-14.480814574606093,-5872.233018910784,27.98721132175433
gp1,b1_rot180,-5886.713833485396,-14.480814574606093,-5872.23301891079,27.987211321748873
gp1,b1_rot270,-5886.7138334853935,-14.480814574606093,-5872.233018910787,27.9872113217516
gp2,b0_rot0,-5909.628700624597,-4.961993390350051,-5904.666707234246,-4.446477001707535
gp2,b0_rot90,-5909.628700624598,-4.961993390350051,-5904.666707234248,-4.446477001709354
gp2,b0_rot180,-5909.6287006246,-4.961993390350051,-5904.66670723425,-4.446477001711173
gp2,b0_rot270,-5909.628700624596,-4.961993390350051,-5904.666707234245,-4.446477001706626
gp2,b1_rot0,-5886.7138334846595,-14.480814574606093,-5872.233018910053,27.987211322485564
gp2,b1_rot90,-5886.713833484662,-14.480814574606093,-5872.233018910056,27.987211322482835
gp2,b1_rot180,-5886.713833484664,-14.480814574606093,-5872.233018910058,27.987211322481016
gp2,b1_rot270,-5886.71383348466,-14.480814574606093,-5872.233018910054,27.987211322484654
gp3,b0_rot0,-5909.628700624597,-4.961993390350051,-5904.666707234246,-4.446477001707535
gp3,b0_rot90,-5909.628700624598,-4.961993390350051,-5904.666707234248,-4.446477001709354
gp3,b0_rot180,-5909.6287006246,-4.961993390350051,-5904.66670723425,-4.446477001711173
gp3,b0_rot270,-5909.628700624596,-4.961993390350051,-5904.666707234245,-4.446477001706626
gp3,b1_rot0,-5886.71383348557,-14.480814574606093,-5872.233018910963,27.98721132157516
gp3,b1_rot90,-5886.713833485568,-14.480814574606093,-5872.233018910962,27.98721132157698
gp3,b1_rot180,-5886.71383348557,-14.480814574606093,-5872.233018910963,27.98721132157516
gp3,b1_rot270,-5886.713833485569,-14.480814574606093,-5872.2330189109625,27.98721132157607
gp4,b0_rot0,-5909.628700624597,-4.961993390350051,-5904.666707234246,-4.446477001707535
gp4,b0_rot90,-5909.628700624598,-4.961993390350051,-5904.666707234248,-4.446477001709354
gp4,b0_rot180,-5909.628700624599,-4.961993390350051,-5904.666707234249,-4.446477001710264
gp4,b0_rot270,-5909.628700624597,-4.961993390350051,-5904.666707234246,-4.446477001707535
gp4,b1_rot0,-5886.713833480294,-14.480814574606093,-5872.2330189056875,27.98721132685114
gp4,b1_rot90,-5886.713833480294,-14.480814574606093,-5872.2330189056875,27.98721132685114
gp4,b1_rot180,-5886.713833480292,-14.480814574606093,-5872.233018905686,27.987211326852957
gp4,b1_rot270,-5886.713833480292,-14.480814574606093,-5872.233018905686,27.987211326852957
gp5,b0_rot0,-5909.628700624597,-4.961993390350051,-5904.666707234246,-4.446477001707535
gp5,b0_rot90,-5909.628700624596,-4.961993390350051,-5904.666707234245,-4.446477001706626
gp5,b0_rot180,-5909.628700624599,-4.961993390350051,-5904.666707234249,-4.446477001710264
gp5,b0_rot270,-5909.628700624596,-4.961993390350051,-5904.666707234245,-4.446477001706626
gp5,b1_rot0,-5886.713833480521,-14.480814574606093,-5872.233018905915,27.987211326623765
gp5,b1_rot90,-5886.713833480523,-14.480814574606093,-5872.233018905917,27.987211326621946
gp5,b1_rot180,-5886.713833480526,-14.480814574606093,-5872.233018905919,27.987211326619217
gp5,b1_rot270,-5886.713833480523,-14.480814574606093,-5872.233018905917,27.987211326621946
gp6,b0_rot0,-5909.628700614042,-4.961993391691552,-5904.66670722235,-4.4464769898113445
gp6,b0_rot90,-5909.628700614041,-4.961993391691552,-5904.666707222349,-4.446476989810435
gp6,b0_rot180,-5909.628700620058,-4.961993391691552,-5904.666707228366,-4.446476995827652
gp6,b0_rot270,-5909.62870062006,-4.961993391691552,-5904.666707228368,-4.446476995829471
gp6,b1_rot0,-5886.713833417698,-14.480814576245747,-5872.233018841453,27.98721139108602
gp6,b1_rot90,-5886.71383339227,-14.480814576245747,-5872.233018816025,27.987211416513674
gp6,b1_rot180,-5886.713833365067,-14.480814576245747,-5872.233018788822,27.98721144371666
gp6,b1_rot270,-5886.7138333920475,-14.480814576245747,-5872.233018815802,27.9872114167365
gp7,b0_rot0,-5909.628700620058,-4.961993391691552,-5904.666707228366,-4.446476995827652
gp7,b0_rot90,-5909.628700620056,-4.961993391691552,-5904.666707228364,-4.446476995825833
gp7,b0_rot180,-5909.628700614041,-4.961993391691552,-5904.666707222349,-4.446476989810435
gp7,b0_rot270,-5909.628700614042,-4.961993391691552,-5904.66670722235,-4.4464769898113445
gp7,b1_rot0,-5886.713833414019,-14.480814576245747,-5872.233018837774,27.987211394764927
gp7,b1_rot90,-5886.713833376546,-14.480814576245747,-5872.233018800301,27.987211432237928
gp7,b1_rot180,-5886.713833370373,-14.480814576245747,-5872.233018794128,27.987211438410668
gp7,b1_rot270,-5886.713833406144,-14.480814576245747,-5872.233018829898,27.98721140264024
gp8,b0_rot0,-5909.628700620058,-4.961993391691552,-5904.666707228366,-4.446476995827652
gp8,b0_rot90,-5909.628700614041,-4.961993391691552,-5904.666707222349,-4.446476989810435
gp8,b0_rot180,-5909.628700614045,-4.961993391691552,-5904.666707222353,-4.446476989814073
gp8,b0_rot270,-5909.628700620058,-4.961993391691552,-5904.666707228366,-4.446476995827652
gp8,b1_rot0,-5886.71383341226,-14.480814576245752,-5872.233018836015,27.98721139652389
gp8,b1_rot90,-5886.713833408242,-14.480814576245752,-5872.233018831997,27.987211400542037
gp8,b1_rot180,-5886.713833369884,-14.480814576245752,-5872.233018793639,27.987211438899976
gp8,b1_rot270,-5886.713833376696,-14.480814576245752,-5872.233018800451,27.98721143208786
gp9,b0_rot0,-5909.628700614041,-4.961993391691552,-5904.666707222349,-4.446476989810435
gp9,b0_rot90,-5909.62870062006,-4.961993391691552,-5904.666707228368,-4.446476995829471
gp9,b0_rot180,-5909.62870062006,-4.961993391691552,-5904.666707228368,-4.446476995829471
gp9,b0_rot270,-5909.628700614042,-4.961993391691552,-5904.66670722235,-4.4464769898113445
gp9,b1_rot0,-5886.71383340056,-14.480814576245747,-5872.233018824315,27.98721140822363
gp9,b1_rot90,-5886.713833366002,-14.480814576245747,-5872.233018789757,27.9872114427817
gp9,b1_rot180,-5886.713833384325,-14.480814576245747,-5872.23301880808,27.98721142445902
gp9,b1_rot270,-5886.713833416199,-14.480814576245747,-5872.233018839954,27.987211392584868
gp10,b0_rot0,-5909.628700614042,-4.961993391691552,-5904.66670722235,-4.4464769898113445
gp10,b0_rot90,-5909.628700620058,-4.961993391691552,-5904.666707228366,-4.446476995827652
gp10,b0_rot180,-5909.628700620058,-4.961993391691552,-5904.666707228366,-4.446476995827652
gp10,b0_rot270,-5909.628700614041,-4.961993391691552,-5904.666707222349,-4.446476989810435
gp10,b1_rot0,-5886.713833365096,-14.480814576245747,-5872.233018788851,27.987211443687556
gp10,b1_rot90,-5886.713833389293,-14.480814576245747,-5872.233018813047,27.98721141949136
gp10,b1_rot180,-5886.713833417421,-14.480814576245747,-5872.233018841175,27.987211391363417
gp10,b1_rot270,-5886.713833395276,-14.480814576245747,-5872.233018819031,27.987211413507794
gp11,b0_rot0,-5909.628700620058,-4.961993391691552,-5904.666707228366,-4.446476995827652
gp11,b0_rot90,-5909.628700614042,-4.961993391691552,-5904.66670722235,-4.4464769898113445
gp11,b0_rot180,-5909.628700614041,-4.961993391691552,-5904.666707222349,-4.446476989810435
gp11,b0_rot270,-5909.628700620058,-4.961993391691552,-5904.666707228366,-4.446476995827652
gp11,b1_rot0,-5886.713833417658,-14.480814576245747,-5872.233018841413,27.98721139112604
gp11,b1_rot90,-5886.713833388863,-14.480814576245747,-5872.233018812618,27.98721141992064
gp11,b1_rot180,-5886.713833365426,-14.480814576245747,-5872.23301878918,27.98721144335832
gp11,b1_rot270,-5886.713833395135,-14.480814576245747,-5872.23301881889,27.987211413648765
gp12,b0_rot0,-5909.628700620058,-4.961993391691552,-5904.666707228366,-4.446476995827652
gp12,b0_rot90,-5909.62870062006,-4.961993391691552,-5904.666707228368,-4.446476995829471
gp12,b0_rot180,-5909.628700614042,-4.961993391691552,-5904.66670722235,-4.4464769898113445
gp12,b0_rot270,-5909.628700614041,-4.961993391691552,-5904.666707222349,-4.446476989810435
gp12,b1_rot0,-5886.713833414793,-14.480814576245747,-5872.233018838548,27.987211393990947
gp12,b1_rot90,-5886.713833404052,-14.480814576245747,-5872.2330188278065,27.98721140473208
gp12,b1_rot180,-5886.713833367316,-14.480814576245747,-5872.23301879107,27.98721144146839
gp12,b1_rot270,-5886.713833380933,-14.480814576245747,-5872.233018804687,27.987211427851435
gp13,b0_rot0,-5909.628700614041,-4.961993391691552,-5904.666707222349,-4.446476989810435
gp13,b0_rot90,-5909.628700614042,-4.961993391691552,-5904.66670722235,-4.4464769898113445
gp13,b0_rot180,-5909.628700620058,-4.961993391691552,-5904.666707228366,-4.446476995827652
gp13,b0_rot270,-5909.628700620058,-4.961993391691552,-5904.666707228366,-4.446476995827652
gp13,b1_rot0,-5886.713833416317,-14.480814576245747,-5872.233018840072,27.987211392466634
gp13,b1_rot90,-5886.713833400201,-14.480814576245747,-5872.233018823956,27.98721140858288
gp13,b1_rot180,-5886.7138333659,-14.480814576245747,-5872.233018789655,27.987211442883563
gp13,b1_rot270,-5886.713833384666,-14.480814576245747,-5872.233018808421,27.98721142411796
gp14,b0_rot0,-5909.628700626496,-4.961993388616073,-5904.66670723788,-4.446477005340967
gp14,b0_rot90,-5909.628700626363,-4.961993388616073,-5904.666707237747,-4.44647700520818
gp14,b0_rot180,-5909.628700625291,-4.961993388616078,-5904.6667072366745,-4.446477004135886
gp14,b0_rot270,-5909.628700623536,-4.961993388616073,-5904.66670723492,-4.446477002381471
gp14,b1_rot0,-5886.713833485049,-14.480814572486732,-5872.233018912562,27.987211319976268
gp14,b1_rot90,-5886.713833480514,-14.480814572486732,-5872.233018908028,27.98721132451101
gp14,b1_rot180,-5886.713833473078,-14.480814572486732,-5872.233018900592,27.987211331947037
gp14,b1_rot270,-5886.713833482305,-14.480814572486732,-5872.233018909818,27.987211322720214
gp15,b0_rot0,-5909.628700626212,-4.961993388616078,-5904.666707237596,-4.446477005057204
gp15,b0_rot90,-5909.628700624896,-4.961993388616073,-5904.66670723628,-4.446477003741165
gp15,b0_rot180,-5909.628700623431,-4.961993388616082,-5904.666707234815,-4.446477002275969
gp15,b0_rot270,-5909.62870062632,-4.961993388616073,-5904.666707237704,-4.446477005165434
gp15,b1_rot0,-5886.713833484973,-14.480814572486732,-5872.233018912487,27.987211320051756
gp15,b1_rot90,-5886.713833484587,-14.480814572486732,-5872.2330189121,27.98721132043829
gp15,b1_rot180,-5886.713833488306,-14.480814572486732,-5872.233018915819,27.987211316719367
gp15,b1_rot270,-5886.713833487418,-14.480814572486732,-5872.233018914932,27.987211317607034
gp16,b0_rot0,-5909.6287006252915,-4.961993388616073,-5904.666707236675,-4.446477004136796
gp16,b0_rot90,-5909.628700626365,-4.961993388616073,-5904.666707237749,-4.446477005209999
gp16,b0_rot180,-5909.628700626494,-4.961993388616082,-5904.666707237878,-4.446477005339148
gp16,b0_rot270,-5909.628700623539,-4.961993388616073,-5904.666707234923,-4.446477002384199
gp16,b1_rot0,-5886.71383348561,-14.480814572486732,-5872.2330189131235,27.98721131941511
gp16,b1_rot90,-5886.7138334874935,-14.480814572486732,-5872.233018915007,27.987211317531546
gp16,b1_rot180,-5886.713833487035,-14.480814572486732,-5872.233018914549,27.98721131798993
gp16,b1_rot270,-5886.713833484662,-14.480814572486732,-5872.233018912176,27.987211320362803
gp17,b0_rot0,-5909.62870062343,-4.961993388616078,-5904.666707234814,-4.44647700227506
gp17,b0_rot90,-5909.628700624898,-4.961993388616073,-5904.666707236282,-4.446477003742984
gp17,b0_rot180,-5909.628700626216,-4.961993388616078,-5904.6667072376,-4.446477005061752
gp17,b0_rot270,-5909.62870062632,-4.961993388616078,-5904.666707237704,-4.446477005165434
gp17,b1_rot0,-5886.713833473578,-14.480814572486722,-5872.233018901092,27.987211331446815
gp17,b1_rot90,-5886.713833482955,-14.480814572486722,-5872.233018910469,27.987211322069925
gp17,b1_rot180,-5886.713833485057,-14.480814572486722,-5872.2330189125705,27.987211319968083
gp17,b1_rot270,-5886.713833480291,-14.480814572486722,-5872.233018907805,27.987211324733835
gp18,b0_rot0,-5909.628700626496,-4.961993388616073,-5904.66670723788,-4.446477005340967
gp18,b0_rot90,-5909.628700623537,-4.961993388616073,-5904.666707234921,-4.44647700238238
gp18,b0_rot180,-5909.6287006252915,-4.961993388616078,-5904.666707236675,-4.446477004136796
gp18,b0_rot270,-5909.628700626359,-4.961993388616073,-5904.666707237743,-4.446477005204542
gp18,b1_rot0,-5886.71383347333,-14.480814572486732,-5872.2330189008435,27.987211331695107
gp18,b1_rot90,-5886.713833481958,-14.480814572486722,-5872.233018909472,27.98721132306673
gp18,b1_rot180,-5886.713833485272,-14.480814572486732,-5872.233018912785,27.987211319753442
gp18,b1_rot270,-5886.7138334810925,-14.480814572486732,-5872.233018908606,27.98721132393257
gp19,b0_rot0,-5909.628700626212,-4.961993388616078,-5904.666707237596,-4.446477005057204
gp19,b0_rot90,-5909.628700626324,-4.961993388616078,-5904.666707237708,-4.446477005169072
gp19,b0_rot180,-5909.628700623434,-4.961993388616082,-5904.666707234818,-4.446477002279607
gp19,b0_rot270,-5909.6287006249,-4.961993388616078,-5904.666707236284,-4.446477003745713
gp19,b1_rot0,-5886.713833482318,-14.480814572486732,-5872.233018909831,27.98721132270748
gp19,b1_rot90,-5886.713833474814,-14.480814572486732,-5872.233018902328,27.987211330210812
gp19,b1_rot180,-5886.713833482048,-14.480814572486732,-5872.233018909562,27.98721132297669
gp19,b1_rot270,-5886.7138334858255,-14.480814572486732,-5872.233018913339,27.98721131919956
gp20,b0_rot0,-5909.6287006252915,-4.961993388616073,-5904.666707236675,-4.446477004136796
gp20,b0_rot90,-5909.628700623538,-4.961993388616073,-5904.666707234922,-4.44647700238329
gp20,b0_rot180,-5909.6287006264965,-4.961993388616078,-5904.6667072378805,-4.446477005341876
gp20,b0_rot270,-5909.628700626363,-4.961993388616073,-5904.666707237747,-4.44647700520818
gp20,b1_rot0,-5886.713833482361,-14.480814572486732,-5872.233018909875,27.987211322663825
gp20,b1_rot90,-5886.71383348504,-14.480814572486732,-5872.233018912553,27.987211319985363
gp20,b1_rot180,-5886.713833480474,-14.480814572486732,-5872.233018907988,27.987211324551026
gp20,b1_rot270,-5886.713833473097,-14.480814572486732,-5872.233018900611,27.987211331927938
gp21,b0_rot0,-5909.62870062343,-4.961993388616078,-5904.666707234814,-4.44647700227506
gp21,b0_rot90,-5909.628700626319,-4.961993388616073,-5904.666707237703,-4.446477005164525
gp21,b0_rot180,-5909.62870062622,-4.961993388616078,-5904.666707237604,-4.44647700506539
gp21,b0_rot270,-5909.628700624898,-4.961993388616073,-5904.666707236282,-4.446477003742984
gp21,b1_rot0,-5886.713833485331,-14.480814572486732,-5872.233018912844,27.987211319694325
gp21,b1_rot90,-5886.713833481221,-14.480814572486722,-5872.233018908734,27.98721132380433
gp21,b1_rot180,-5886.713833473445,-14.480814572486732,-5872.233018900959,27.9872113315796
gp21,b1_rot270,-5886.7138334819365,-14.480814572486732,-5872.23301890945,27.98721132308856
gp22,b0_rot0,-5909.628700626365,-4.961993388616073,-5904.666707237749,-4.446477005209999
gp22,b0_rot90,-5909.628700626497,-4.961993388616078,-5904.666707237881,-4.446477005342786
gp22,b0_rot180,-5909.628700623537,-4.961993388616082,-5904.666707234921,-4.44647700238238
gp22,b0_rot270,-5909.6287006252915,-4.961993388616073,-5904.666707236675,-4.446477004136796
gp22,b1_rot0,-5886.713833486176,-14.480814572486732,-5872.233018913689,27.987211318849404
gp22,b1_rot90,-5886.713833486324,-14.480814572486732,-5872.233018913837,27.987211318701156
gp22,b1_rot180,-5886.713833487373,-14.480814572486732,-5872.233018914887,27.9872113176516
gp22,b1_rot270,-5886.713833487279,-14.480814572486732,-5872.233018914792,27.987211317746187
gp23,b0_rot0,-5909.628700624901,-4.961993388616073,-5904.666707236285,-4.446477003746622
gp23,b0_rot90,-5909.628700626217,-4.961993388616073,-5904.666707237601,-4.446477005062661
gp23,b0_rot180,-5909.628700626319,-4.961993388616082,-5904.666707237703,-4.446477005164525
gp23,b0_rot270,-5909.628700623434,-4.961993388616073,-5904.666707234818,-4.446477002279607
gp23,b1_rot0,-5886.713833486088,-14.480814572486732,-5872.233018913602,27.987211318936716
gp23,b1_rot90,-5886.713833481882,-14.480814572486722,-5872.2330189093955,27.98721132314313
gp23,b1_rot180,-5886.713833484393,-14.480814572486722,-5872.233018911907,27.987211320632014
gp23,b1_rot270,-5886.713833487313,-14.480814572486722,-5872.233018914827,27.987211317711626
gp24,b0_rot0,-5909.628700623537,-4.961993388616073,-5904.666707234921,-4.44647700238238
gp24,b0_rot90,-5909.628700626498,-4.961993388616073,-5904.666707237882,-4.446477005343695
gp24,b0_rot180,-5909.628700626361,-4.961993388616082,-5904.666707237745,-4.446477005206361
gp24,b0_rot270,-5909.628700625292,-4.961993388616073,-5904.666707236676,-4.446477004137705
gp24,b1_rot0,-5886.71383347971,-14.480814572486732,-5872.233018907224,27.987211325315002
gp24,b1_rot90,-5886.71383348354,-14.480814572486722,-5872.2330189110535,27.98721132148512
gp24,b1_rot180,-5886.7138334869915,-14.480814572486732,-5872.233018914505,27.987211318033587
gp24,b1_rot270,-5886.713833485116,-14.480814572486722,-5872.23301891263,27.987211319908965
gp25,b0_rot0,-5909.628700626321,-4.961993388616073,-5904.666707237705,-4.446477005166344
gp25,b0_rot90,-5909.6287006262155,-4.961993388616073,-5904.666707237599,-4.446477005060842
gp25,b0_rot180,-5909.628700624898,-4.961993388616082,-5904.666707236282,-4.446477003742984
gp25,b0_rot270,-5909.628700623432,-4.961993388616073,-5904.666707234816,-4.446477002277788
gp25,b1_rot0,-5886.713833487177,-14.480814572486732,-5872.233018914691,27.98721131784805
gp25,b1_rot90,-5886.713833483814,-14.480814572486732,-5872.233018911327,27.987211321211362
gp25,b1_rot180,-5886.713833482714,-14.480814572486732,-5872.233018910228,27.98721132231094
gp25,b1_rot270,-5886.713833487848,-14.480814572486732,-5872.233018915362,27.987211317176843
gp26,b0_rot0,-5909.628700626365,-4.961993388616073,-5904.666707237749,-4.446477005209999
gp26,b0_rot90,-5909.628700625293,-4.961993388616073,-5904.666707236677,-4.446477004138615
gp26,b0_rot180,-5909.628700623536,-4.961993388616082,-5904.66670723492,-4.446477002381471
gp26,b0_rot270,-5909.628700626499,-4.961993388616073,-5904.666707237883,-4.4464770053446045
gp26,b1_rot0,-5886.713833485057,-14.480814572486732,-5872.2330189125705,27.987211319968083
gp26,b1_rot90,-5886.713833487462,-14.480814572486722,-5872.233018914975,27.98721131756338
gp26,b1_rot180,-5886.71383348667,-14.480814572486722,-5872.233018914184,27.98721131835464
gp26,b1_rot270,-5886.71383348344,-14.480814572486732,-5872.233018910953,27.987211321585164
gp27,b0_rot0,-5909.628700624901,-4.961993388616073,-5904.666707236285,-4.446477003746622
gp27,b0_rot90,-5909.628700623432,-4.961993388616073,-5904.666707234816,-4.446477002277788
gp27,b0_rot180,-5909.628700626321,-4.961993388616082,-5904.666707237705,-4.446477005166344
gp27,b0_rot270,-5909.628700626219,-4.961993388616073,-5904.666707237603,-4.44647700506448
gp27,b1_rot0,-5886.713833486793,-14.480814572486722,-5872.233018914307,27.987211318231857
gp27,b1_rot90,-5886.7138334845995,-14.480814572486732,-5872.233018912113,27.98721132042556
gp27,b1_rot180,-5886.713833478685,-14.480814572486732,-5872.233018906199,27.987211326340002
gp27,b1_rot270,-5886.713833483162,-14.480814572486732,-5872.233018910675,27.98721132186347
gp28,b0_rot0,-5909.628700623537,-4.961993388616073,-5904.666707234921,-4.44647700238238
gp28,b0_rot90,-5909.628700625292,-4.961993388616073,-5904.666707236676,-4.446477004137705
gp28,b0_rot180,-5909.628700626365,-4.961993388616082,-5904.666707237749,-4.446477005209999
gp28,b0_rot270,-5909.6287006264965,-4.961993388616073,-5904.6667072378805,-4.446477005341876
gp28,b1_rot0,-5886.7138334863685,-14.480814572486732,-5872.233018913882,27.98721131865659
gp28,b1_rot90,-5886.713833488175,-14.480814572486722,-5872.233018915688,27.987211316850335
gp28,b1_rot180,-5886.713833487347,-14.480814572486732,-5872.233018914861,27.987211317677975
gp28,b1_rot270,-5886.713833486266,-14.480814572486732,-5872.233018913779,27.987211318759364
gp29,b0_rot0,-5909.628700626321,-4.961993388616073,-5904.666707237705,-4.446477005166344
gp29,b0_rot90,-5909.628700623433,-4.961993388616073,-5904.666707234817,-4.446477002278698
gp29,b0_rot180,-5909.628700624899,-4.961993388616082,-5904.6667072362825,-4.446477003743894
gp29,b0_rot270,-5909.6287006262155,-4.961993388616073,-5904.666707237599,-4.446477005060842
gp29,b1_rot0,-5886.713833480535,-14.480814572486732,-5872.2330189080485,27.98721132449009
gp29,b1_rot90,-5886.7138334752335,-14.480814572486732,-5872.233018902747,27.987211329791535
gp29,b1_rot180,-5886.713833484181,-14.480814572486732,-5872.233018911695,27.987211320843926
gp29,b1_rot270,-5886.713833485416,-14.480814572486732,-5872.23301891293,27.987211319608832
gp30,b0_rot0,-5909.628700623618,-4.961993388616082,-5904.666707235002,-4.446477002463325
gp30,b0_rot90,-5909.628700623615,-4.961993388616082,-5904.666707234999,-4.446477002460597
gp30,b0_rot180,-5909.628700625905,-4.961993388616082,-5904.666707237289,-4.4464770047507045
gp30,b0_rot270,-5909.628700625908,-4.961993388616082,-5904.666707237292,-4.446477004753433
gp30,b1_rot0,-5886.713833482678,-14.480814572486732,-5872.233018910191,27.98721132234732
gp30,b1_rot90,-5886.713833487834,-14.480814572486732,-5872.233018915347,27.987211317191395
gp30,b1_rot180,-5886.713833487174,-14.480814572486722,-5872.233018914688,27.98721131785078
gp30,b1_rot270,-5886.71383348379,-14.480814572486732,-5872.233018911304,27.98721132123501
gp31,b0_rot0,-5909.628700625908,-4.961993388616078,-5904.666707237292,-4.446477004753433
gp31,b0_rot90,-5909.6287006259045,-4.961993388616078,-5904.666707237288,-4.446477004749795
gp31,b0_rot180,-5909.628700623616,-4.9619933886160865,-5904.666707235,-4.446477002461506
gp31,b0_rot270,-5909.628700623613,-4.961993388616073,-5904.666707234997,-4.446477002458778
gp31,b1_rot0,-5886.713833474846,-14.480814572486732,-5872.23301890236,27.98721133017898
gp31,b1_rot90,-5886.713833483925,-14.480814572486732,-5872.233018911438,27.987211321100403
gp31,b1_rot180,-5886.713833485323,-14.480814572486722,-5872.233018912837,27.9872113197016
gp31,b1_rot270,-5886.713833480445,-14.480814572486722,-5872.2330189079585,27.98721132458013
gp32,b0_rot0,-5909.628700625905,-4.961993388616082,-5904.666707237289,-4.4464770047507045
gp32,b0_rot90,-5909.6287006236125,-4.961993388616082,-5904.6667072349965,-4.446477002457868
gp32,b0_rot180,-5909.628700623616,-4.961993388616082,-5904.666707235,-4.446477002461506
gp32,b0_rot270,-5909.628700625908,-4.961993388616082,-5904.666707237292,-4.446477004753433
gp32,b1_rot0,-5886.713833485899,-14.480814572486732,-5872.233018913413,27.98721131912589
gp32,b1_rot90,-5886.713833486179,-14.480814572486732,-5872.233018913693,27.987211318845766
gp32,b1_rot180,-5886.713833481571,-14.480814572486732,-5872.233018909084,27.987211323454176
gp32,b1_rot270,-5886.713833478201,-14.480814572486732,-5872.233018905715,27.987211326823854
gp33,b0_rot0,-5909.628700623613,-4.961993388616078,-5904.666707234997,-4.446477002458778
gp33,b0_rot90,-5909.628700625904,-4.961993388616078,-5904.6667072372875,-4.4464770047488855
gp33,b0_rot180,-5909.628700625902,-4.9619933886160865,-5904.666707237286,-4.4464770047470665
gp33,b0_rot270,-5909.628700623615,-4.961993388616078,-5904.666707234999,-4.446477002460597
gp33,b1_rot0,-5886.713833485969,-14.480814572486732,-5872.233018913483,27.98721131905586
gp33,b1_rot90,-5886.713833485993,-14.480814572486732,-5872.233018913506,27.987211319032212
gp33,b1_rot180,-5886.713833488294,-14.480814572486732,-5872.233018915807,27.98721131673119
gp33,b1_rot270,-5886.713833487412,-14.480814572486732,-5872.233018914925,27.9872113176134
gp34,b0_rot0,-5909.628700623618,-4.961993388616082,-5904.666707235002,-4.446477002463325
gp34,b0_rot90,-5909.628700625905,-4.961993388616082,-5904.666707237289,-4.4464770047507045
gp34,b0_rot180,-5909.6287006259045,-4.961993388616082,-5904.666707237288,-4.446477004749795
gp34,b0_rot270,-5909.628700623616,-4.9619933886160865,-5904.666707235,-4.446477002461506
gp34,b1_rot0,-5886.713833482004,-14.480814572486732,-5872.233018909517,27.987211323021256
gp34,b1_rot90,-5886.713833479201,-14.480814572486732,-5872.233018906714,27.98721132582432
gp34,b1_rot180,-5886.713833486401,-14.480814572486732,-5872.233018913915,27.98721131862385
gp34,b1_rot270,-5886.713833486429,-14.480814572486722,-5872.233018913943,27.987211318595655
gp35,b0_rot0,-5909.628700625908,-4.961993388616078,-5904.666707237292,-4.446477004753433
gp35,b0_rot90,-5909.628700623616,-4.961993388616073,-5904.666707235,-4.446477002461506
gp35,b0_rot180,-5909.628700623613,-4.961993388616082,-5904.666707234997,-4.446477002458778
gp35,b0_rot270,-5909.6287006259045,-4.961993388616078,-5904.666707237288,-4.446477004749795
gp35,b1_rot0,-5886.71383348816,-14.480814572486732,-5872.233018915674,27.987211316864887
gp35,b1_rot90,-5886.713833487343,-14.480814572486732,-5872.233018914857,27.987211317681613
gp35,b1_rot180,-5886.713833484482,-14.480814572486732,-5872.233018911996,27.987211320542883
gp35,b1_rot270,-5886.713833483827,-14.480814572486722,-5872.233018911341,27.98721132119772
gp36,b0_rot0,-5909.628700625905,-4.961993388616082,-5904.666707237289,-4.4464770047507045
gp36,b0_rot90,-5909.628700625906,-4.961993388616082,-5904.66670723729,-4.446477004751614
gp36,b0_rot180,-5909.628700623616,-4.9619933886160865,-5904.666707235,-4.446477002461506
gp36,b0_rot270,-5909.628700623615,-4.961993388616082,-5904.666707234999,-4.446477002460597
gp36,b1_rot0,-5886.713833485453,-14.480814572486732,-5872.233018912966,27.987211319572452
gp36,b1_rot90,-5886.713833480575,-14.480814572486732,-5872.2330189080885,27.987211324450072
gp36,b1_rot180,-5886.713833475377,-14.480814572486732,-5872.233018902891,27.987211329647835
gp36,b1_rot270,-5886.713833484276,-14.480814572486741,-5872.233018911789,27.98721132074934
gp37,b0_rot0,-5909.628700623613,-4.961993388616078,-5904.666707234997,-4.446477002458778
gp37,b0_rot90,-5909.628700623613,-4.961993388616078,-5904.666707234997,-4.446477002458778
gp37,b0_rot180,-5909.628700625908,-4.9619933886160865,-5904.666707237292,-4.446477004753433
gp37,b0_rot270,-5909.6287006259045,-4.961993388616078,-5904.666707237288,-4.446477004749795
gp37,b1_rot0,-5886.713833484634,-14.480814572486732,-5872.233018912148,27.987211320390998
gp37,b1_rot90,-5886.713833487377,-14.480814572486732,-5872.233018914891,27.98721131764796
gp37,b1_rot180,-5886.713833486317,-14.480814572486732,-5872.23301891383,27.987211318708432
gp37,b1_rot270,-5886.71383348246,-14.480814572486732,-5872.233018909974,27.98721132256469
gp38,b0_rot0,-5909.628700628634,-4.961993388681865,-5904.666707239952,-4.446477007413705
gp38,b0_rot90,-5909.628700618556,-4.961993388681865,-5904.666707229874,-4.446476997335594
gp38,b0_rot180,-5909.628700625172,-4.961993388681874,-5904.666707236491,-4.446477003952168
gp38,b0_rot270,-5909.628700617459,-4.961993388681865,-5904.666707228777,-4.446476996238744
gp38,b1_rot0,-5886.713833461072,-14.480814572567128,-5872.233018888504,27.987211344034222
gp38,b1_rot90,-5886.713833438245,-14.480814572567118,-5872.233018865678,27.98721136686072
gp38,b1_rot180,-5886.713833441034,-14.480814572567128,-5872.233018868466,27.98721136407221
gp38,b1_rot270,-5886.713833433576,-14.480814572567128,-5872.2330188610085,27.987211371530066
gp39,b0_rot0,-5909.628700627553,-4.961993388681874,-5904.666707238872,-4.446477006333225
gp39,b0_rot90,-5909.628700614611,-4.961993388681865,-5904.66670722593,-4.446476993391116
gp39,b0_rot180,-5909.628700626788,-4.961993388681865,-5904.666707238106,-4.446477005567431
gp39,b0_rot270,-5909.628700607816,-4.961993388681874,-5904.666707219135,-4.446476986596281
gp39,b1_rot0,-5886.713833440822,-14.480814572567128,-5872.2330188682545,27.98721136428412
gp39,b1_rot90,-5886.713833417992,-14.480814572567128,-5872.233018845424,27.987211387114257
gp39,b1_rot180,-5886.713833441206,-14.480814572567128,-5872.233018868638,27.987211363900315
gp39,b1_rot270,-5886.713833440478,-14.480814572567118,-5872.233018867911,27.98721136462791
gp40,b0_rot0,-5909.628700625175,-4.961993388681865,-5904.6667072364935,-4.446477003954897
gp40,b0_rot90,-5909.628700618554,-4.961993388681874,-5904.666707229872,-4.446476997333775
gp40,b0_rot180,-5909.628700628636,-4.961993388681874,-5904.666707239954,-4.446477007415524
gp40,b0_rot270,-5909.628700617461,-4.961993388681865,-5904.666707228779,-4.446476996240563
gp40,b1_rot0,-5886.713833433507,-14.480814572567118,-5872.233018860939,27.987211371599187
gp40,b1_rot90,-5886.71383344074,-14.480814572567118,-5872.233018868173,27.987211364365976
gp40,b1_rot180,-5886.713833435973,-14.480814572567137,-5872.233018863406,27.987211369132638
gp40,b1_rot270,-5886.713833421593,-14.480814572567118,-5872.233018849026,27.98721138351266
gp41,b0_rot0,-5909.628700626788,-4.961993388681865,-5904.666707238106,-4.446477005567431
gp41,b0_rot90,-5909.628700614611,-4.961993388681865,-5904.66670722593,-4.446476993391116
gp41,b0_rot180,-5909.628700627555,-4.961993388681874,-5904.666707238874,-4.446477006335044
gp41,b0_rot270,-5909.62870060782,-4.961993388681865,-5904.6667072191385,-4.446476986599919
gp41,b1_rot0,-5886.7138334390875,-14.480814572567137,-5872.23301886652,27.987211366018528
gp41,b1_rot90,-5886.713833424288,-14.480814572567137,-5872.233018851721,27.987211380817826
gp41,b1_rot180,-5886.713833456862,-14.480814572567128,-5872.233018884294,27.987211348244273
gp41,b1_rot270,-5886.713833442429,-14.480814572567137,-5872.233018869862,27.987211362677044
gp42,b0_rot0,-5909.628700628634,-4.961993388681865,-5904.666707239952,-4.446477007413705
gp42,b0_rot90,-5909.62870061746,-4.961993388681874,-5904.666707228778,-4.446476996239653
gp42,b0_rot180,-5909.628700625174,-4.961993388681865,-5904.666707236493,-4.446477003953987
gp42,b0_rot270,-5909.628700618551,-4.961993388681865,-5904.66670722987,-4.446476997331047
gp42,b1_rot0,-5886.713833440932,-14.480814572567128,-5872.2330188683645,27.987211364174073
gp42,b1_rot90,-5886.713833432994,-14.480814572567128,-5872.2330188604265,27.987211372112142
gp42,b1_rot180,-5886.713833460968,-14.480814572567118,-5872.233018888401,27.987211344137904
gp42,b1_rot270,-5886.713833438661,-14.480814572567137,-5872.2330188660935,27.98721136644508
gp43,b0_rot0,-5909.628700627553,-4.961993388681874,-5904.666707238872,-4.446477006333225
gp43,b0_rot90,-5909.62870060782,-4.961993388681874,-5904.6667072191385,-4.446476986599919
gp43,b0_rot180,-5909.628700626785,-4.961993388681865,-5904.666707238103,-4.446477005564702
gp43,b0_rot270,-5909.628700614613,-4.961993388681874,-5904.6667072259315,-4.446476993392935
gp43,b1_rot0,-5886.713833440515,-14.480814572567128,-5872.233018867948,27.98721136459062
gp43,b1_rot90,-5886.713833436219,-14.480814572567128,-5872.2330188636515,27.987211368887074
gp43,b1_rot180,-5886.713833423997,-14.480814572567137,-5872.23301885143,27.987211381108864
gp43,b1_rot270,-5886.713833429762,-14.480814572567118,-5872.233018857195,27.987211375343577
gp44,b0_rot0,-5909.628700625175,-4.961993388681865,-5904.6667072364935,-4.446477003954897
gp44,b0_rot90,-5909.62870061746,-4.961993388681874,-5904.666707228778,-4.446476996239653
gp44,b0_rot180,-5909.628700628637,-4.961993388681874,-5904.666707239955,-4.4464770074164335
gp44,b0_rot270,-5909.628700618557,-4.961993388681874,-5904.666707229875,-4.446476997336504
gp44,b1_rot0,-5886.713833439946,-14.480814572567118,-5872.233018867379,27.987211365159965
gp44,b1_rot90,-5886.713833439008,-14.480814572567128,-5872.233018866441,27.987211366097654
gp44,b1_rot180,-5886.713833418359,-14.480814572567118,-5872.233018845792,27.98721138674682
gp44,b1_rot270,-5886.713833441059,-14.480814572567128,-5872.233018868492,27.987211364046743
gp45,b0_rot0,-5909.628700626788,-4.961993388681865,-5904.666707238106,-4.446477005567431
gp45,b0_rot90,-5909.628700607821,-4.961993388681865,-5904.666707219139,-4.446476986600828
gp45,b0_rot180,-5909.628700627554,-4.961993388681874,-5904.666707238873,-4.446477006334135
gp45,b0_rot270,-5909.628700614606,-4.961993388681865,-5904.666707225924,-4.446476993385659
gp45,b1_rot0,-5886.713833459226,-14.480814572567137,-5872.233018886659,27.987211345879587
gp45,b1_rot90,-5886.713833441323,-14.480814572567137,-5872.233018868756,27.98721136378299
gp45,b1_rot180,-5886.7138334399515,-14.480814572567118,-5872.233018867384,27.987211365154508
gp45,b1_rot270,-5886.713833427981,-14.480814572567137,-5872.233018855413,27.987211377125277
gp46,b0_rot0,-5909.628700618554,-4.961993388681874,-5904.666707229872,-4.446476997333775
gp46,b0_rot90,-5909.628700628633,-4.961993388681874,-5904.666707239951,-4.4464770074127955
gp46,b0_rot180,-5909.628700617461,-4.961993388681874,-5904.666707228779,-4.446476996240563
gp46,b0_rot270,-5909.628700625173,-4.961993388681874,-5904.666707236492,-4.446477003953078
gp46,b1_rot0,-5886.713833441557,-14.480814572567118,-5872.233018868989,27.98721136354925
gp46,b1_rot90,-5886.713833458532,-14.480814572567118,-5872.233018885964,27.98721134657444
gp46,b1_rot180,-5886.71383342805,-14.480814572567128,-5872.233018855482,27.987211377056155
gp46,b1_rot270,-5886.7138334421525,-14.480814572567118,-5872.233018869585,27.98721136295353
gp47,b0_rot0,-5909.62870061461,-4.961993388681874,-5904.666707225929,-4.446476993390206
gp47,b0_rot90,-5909.628700627554,-4.961993388681865,-5904.666707238873,-4.446477006334135
gp47,b0_rot180,-5909.628700607817,-4.961993388681874,-5904.666707219136,-4.44647698659719
gp47,b0_rot270,-5909.6287006267885,-4.961993388681865,-5904.666707238107,-4.44647700556834
gp47,b1_rot0,-5886.713833442128,-14.480814572567128,-5872.2330188695605,27.987211362978087
gp47,b1_rot90,-5886.7138334394,-14.480814572567128,-5872.233018866833,27.98721136570566
gp47,b1_rot180,-5886.71383342553,-14.480814572567128,-5872.233018852962,27.987211379576365
gp47,b1_rot270,-5886.713833457786,-14.480814572567128,-5872.233018885218,27.987211347320226
gp48,b0_rot0,-5909.628700617465,-4.961993388681874,-5904.666707228784,-4.44647699624511
gp48,b0_rot90,-5909.628700628637,-4.961993388681874,-5904.666707239955,-4.4464770074164335
gp48,b0_rot180,-5909.628700618558,-4.961993388681874,-5904.666707229876,-4.446476997337413
gp48,b0_rot270,-5909.628700625172,-4.961993388681874,-5904.666707236491,-4.446477003952168
gp48,b1_rot0,-5886.7138334425,-14.480814572567128,-5872.2330188699325,27.987211362606104
gp48,b1_rot90,-5886.713833438996,-14.480814572567137,-5872.233018866428,27.987211366110387
gp48,b1_rot180,-5886.713833423936,-14.480814572567128,-5872.233018851369,27.9872113811698
gp48,b1_rot270,-5886.713833456577,-14.480814572567137,-5872.23301888401,27.987211348528945
gp49,b0_rot0,-5909.628700607819,-4.961993388681874,-5904.666707219138,-4.446476986599009
gp49,b0_rot90,-5909.628700627553,-4.961993388681874,-5904.666707238872,-4.446477006333225
gp49,b0_rot180,-5909.628700614609,-4.961993388681874,-5904.666707225928,-4.446476993389297
gp49,b0_rot270,-5909.628700626788,-4.961993388681874,-5904.666707238106,-4.446477005567431
gp49,b1_rot0,-5886.713833442494,-14.480814572567128,-5872.233018869927,27.98721136261156
gp49,b1_rot90,-5886.713833456428,-14.480814572567128,-5872.2330188838605,27.987211348678102
gp49,b1_rot180,-5886.713833425018,-14.480814572567128,-5872.23301885245,27.98721138008841
gp49,b1_rot270,-5886.713833442187,-14.480814572567137,-5872.23301886962,27.98721136291897
gp50,b0_rot0,-5909.628700618554,-4.961993388681874,-5904.666707229872,-4.446476997333775
gp50,b0_rot90,-5909.628700625172,-4.961993388681874,-5904.666707236491,-4.446477003952168
gp50,b0_rot180,-5909.628700617461,-4.961993388681865,-5904.666707228779,-4.446476996240563
gp50,b0_rot270,-5909.6287006286375,-4.961993388681874,-5904.666707239956,-4.446477007417343
gp50,b1_rot0,-5886.713833420165,-14.480814572567118,-5872.233018847598,27.987211384940565
gp50,b1_rot90,-5886.71383343637,-14.480814572567128,-5872.2330188638025,27.987211368736098
gp50,b1_rot180,-5886.713833440992,-14.480814572567128,-5872.233018868425,27.987211364114046
gp50,b1_rot270,-5886.713833435943,-14.480814572567128,-5872.233018863376,27.98721136916265
gp51,b0_rot0,-5909.62870061461,-4.961993388681874,-5904.666707225929,-4.446476993390206
gp51,b0_rot90,-5909.628700626788,-4.961993388681865,-5904.666707238106,-4.446477005567431
gp51,b0_rot180,-5909.62870060782,-4.961993388681874,-5904.6667072191385,-4.446476986599919
gp51,b0_rot270,-5909.628700627555,-4.961993388681874,-5904.666707238874,-4.446477006335044
gp51,b1_rot0,-5886.7138334562405,-14.480814572567118,-5872.233018883673,27.987211348865458
gp51,b1_rot90,-5886.7138334247875,-14.480814572567118,-5872.23301885222,27.987211380318513
gp51,b1_rot180,-5886.713833442183,-14.480814572567118,-5872.233018869616,27.987211362922608
gp51,b1_rot270,-5886.713833442541,-14.480814572567128,-5872.233018869973,27.987211362565176
gp52,b0_rot0,-5909.628700617465,-4.961993388681874,-5904.666707228784,-4.44647699624511
gp52,b0_rot90,-5909.628700625173,-4.961993388681874,-5904.666707236492,-4.446477003953078
gp52,b0_rot180,-5909.628700618551,-4.961993388681874,-5904.66670722987,-4.446476997331047
gp52,b0_rot270,-5909.628700628637,-4.961993388681874,-5904.666707239955,-4.4464770074164335
gp52,b1_rot0,-5886.713833440772,-14.480814572567128,-5872.233018868204,27.987211364334144
gp52,b1_rot90,-5886.7138334359615,-14.480814572567128,-5872.233018863394,27.98721136914446
gp52,b1_rot180,-5886.713833421373,-14.480814572567118,-5872.233018848806,27.987211383732756
gp52,b1_rot270,-5886.713833433902,-14.480814572567137,-5872.233018861335,27.987211371203557
gp53,b0_rot0,-5909.628700607819,-4.961993388681874,-5904.666707219138,-4.446476986599009
gp53,b0_rot90,-5909.628700626784,-4.961993388681874,-5904.666707238102,-4.446477005563793
gp53,b0_rot180,-5909.628700614611,-4.961993388681865,-5904.66670722593,-4.446476993391116
gp53,b0_rot270,-5909.628700627552,-4.961993388681874,-5904.66670723887,-4.446477006331406
gp53,b1_rot0,-5886.7138334411065,-14.480814572567118,-5872.233018868539,27.98721136399945
gp53,b1_rot90,-5886.713833440132,-14.480814572567118,-5872.233018867564,27.987211364974428
gp53,b1_rot180,-5886.713833439642,-14.480814572567118,-5872.233018867075,27.987211365463736
gp53,b1_rot270,-5886.713833418209,-14.480814572567128,-5872.233018845642,27.987211386896888
gp54,b0_rot0,-5909.628700622548,-4.961993388681865,-5904.666707233867,-4.446477001328276
gp54,b0_rot90,-5909.628700622548,-4.961993388681865,-5904.666707233867,-4.446477001328276
gp54,b0_rot180,-5909.628700625216,-4.961993388681874,-5904.666707236534,-4.446477003995824
gp54,b0_rot270,-5909.628700625216,-4.961993388681865,-5904.666707236534,-4.446477003995824
gp54,b1_rot0,-5886.713833442371,-14.480814572567128,-5872.233018869803,27.987211362735252
gp54,b1_rot90,-5886.713833439156,-14.480814572567128,-5872.233018866588,27.987211365950316
gp54,b1_rot180,-5886.713833424556,-14.480814572567137,-5872.233018851988,27.987211380550434
gp54,b1_rot270,-5886.713833457071,-14.480814572567118,-5872.2330188845035,27.98721134803509
gp55,b0_rot0,-5909.628700625217,-4.961993388681874,-5904.666707236535,-4.446477003996733
gp55,b0_rot90,-5909.628700625218,-4.961993388681874,-5904.666707236536,-4.446477003997643
gp55,b0_rot180,-5909.62870062255,-4.961993388681874,-5904.666707233869,-4.446477001330095
gp55,b0_rot270,-5909.628700622549,-4.961993388681874,-5904.666707233868,-4.446477001329185
gp55,b1_rot0,-5886.713833441814,-14.480814572567118,-5872.233018869247,27.987211363291863
gp55,b1_rot90,-5886.713833458112,-14.480814572567118,-5872.233018885545,27.987211346993718
gp55,b1_rot180,-5886.713833427365,-14.480814572567128,-5872.233018854798,27.987211377741005
gp55,b1_rot270,-5886.713833442168,-14.480814572567118,-5872.2330188696005,27.98721136293807
gp56,b0_rot0,-5909.628700625212,-4.961993388681865,-5904.666707236531,-4.446477003992186
gp56,b0_rot90,-5909.628700622549,-4.961993388681865,-5904.666707233868,-4.446477001329185
gp56,b0_rot180,-5909.628700622551,-4.961993388681865,-5904.66670723387,-4.446477001331004
gp56,b0_rot270,-5909.628700625218,-4.961993388681865,-5904.666707236536,-4.446477003997643
gp56,b1_rot0,-5886.713833441029,-14.480814572567137,-5872.233018868462,27.987211364076757
gp56,b1_rot90,-5886.713833459196,-14.480814572567137,-5872.233018886629,27.9872113459096
gp56,b1_rot180,-5886.713833429269,-14.480814572567137,-5872.233018856701,27.987211375837433
gp56,b1_rot270,-5886.7138334421015,-14.480814572567137,-5872.233018869534,27.987211363004462
gp57,b0_rot0,-5909.628700622549,-4.961993388681865,-5904.666707233868,-4.446477001329185
gp57,b0_rot90,-5909.628700625218,-4.961993388681865,-5904.666707236536,-4.446477003997643
gp57,b0_rot180,-5909.628700625214,-4.961993388681874,-5904.666707236533,-4.446477003994005
gp57,b0_rot270,-5909.628700622549,-4.961993388681865,-5904.666707233868,-4.446477001329185
gp57,b1_rot0,-5886.713833442807,-14.480814572567118,-5872.23301887024,27.987211362298694
gp57,b1_rot90,-5886.713833438241,-14.480814572567118,-5872.233018865673,27.987211366865267
gp57,b1_rot180,-5886.713833421345,-14.480814572567118,-5872.233018848778,27.98721138376095
gp57,b1_rot270,-5886.713833453885,-14.480814572567118,-5872.233018881318,27.98721135122105
gp58,b0_rot0,-5909.628700622548,-4.961993388681865,-5904.666707233867,-4.446477001328276
gp58,b0_rot90,-5909.628700625216,-4.961993388681874,-5904.666707236534,-4.446477003995824
gp58,b0_rot180,-5909.628700625216,-4.961993388681874,-5904.666707236534,-4.446477003995824
gp58,b0_rot270,-5909.628700622549,-4.961993388681865,-5904.666707233868,-4.446477001329185
gp58,b1_rot0,-5886.713833417955,-14.480814572567118,-5872.233018845388,27.987211387150637
gp58,b1_rot90,-5886.713833441517,-14.480814572567128,-5872.233018868949,27.987211363589267
gp58,b1_rot180,-5886.713833441543,-14.480814572567128,-5872.233018868976,27.987211363562892
gp58,b1_rot270,-5886.713833444727,-14.480814572567118,-5872.23301887216,27.98721136037875
gp59,b0_rot0,-5909.628700625217,-4.961993388681874,-5904.666707236535,-4.446477003996733
gp59,b0_rot90,-5909.628700622548,-4.961993388681874,-5904.666707233867,-4.446477001328276
gp59,b0_rot180,-5909.628700622549,-4.961993388681874,-5904.666707233868,-4.446477001329185
gp59,b0_rot270,-5909.628700625216,-4.961993388681874,-5904.666707236534,-4.446477003995824
gp59,b1_rot0,-5886.713833441132,-14.480814572567118,-5872.233018868565,27.987211363973984
gp59,b1_rot90,-5886.7138334431465,-14.480814572567118,-5872.233018870579,27.987211361959453
gp59,b1_rot180,-5886.713833417851,-14.480814572567118,-5872.233018845283,27.98721138725523
gp59,b1_rot270,-5886.713833441389,-14.480814572567118,-5872.233018868822,27.987211363716597
gp60,b0_rot0,-5909.628700625212,-4.961993388681865,-5904.666707236531,-4.446477003992186
gp60,b0_rot90,-5909.628700625217,-4.961993388681874,-5904.666707236535,-4.446477003996733
gp60,b0_rot180,-5909.628700622549,-4.961993388681865,-5904.666707233868,-4.446477001329185
gp60,b0_rot270,-5909.628700622551,-4.961993388681865,-5904.66670723387,-4.446477001331004
gp60,b1_rot0,-5886.713833446985,-14.480814572567118,-5872.233018874417,27.987211358121385
gp60,b1_rot90,-5886.713833442325,-14.480814572567128,-5872.233018869758,27.987211362780727
gp60,b1_rot180,-5886.713833436848,-14.480814572567118,-5872.233018864281,27.987211368257704
gp60,b1_rot270,-5886.713833418392,-14.480814572567128,-5872.2330188458245,27.98721138671408
gp61,b0_rot0,-5909.628700622549,-4.961993388681865,-5904.666707233868,-4.446477001329185
gp61,b0_rot90,-5909.62870062255,-4.961993388681874,-5904.666707233869,-4.446477001330095
gp61,b0_rot180,-5909.628700625217,-4.961993388681874,-5904.666707236535,-4.446477003996733
gp61,b0_rot270,-5909.628700625216,-4.961993388681874,-5904.666707236534,-4.446477003995824
gp61,b1_rot0,-5886.713833436769,-14.480814572567118,-5872.233018864202,27.98721136833683
gp61,b1_rot90,-5886.713833427149,-14.480814572567128,-5872.233018854582,27.987211377956555
gp61,b1_rot180,-5886.713833425981,-14.480814572567118,-5872.233018853413,27.987211379125256
gp61,b1_rot270,-5886.713833440441,-14.480814572567118,-5872.233018867873,27.9872113646652
gp62,b0_rot0,-5909.628700626329,-4.961993388071895,-5904.666707238257,-4.446477005718407
gp62,b0_rot90,-5909.6287006236325,-4.961993388071895,-5904.66670723556,-4.446477003021755
gp62,b0_rot180,-5909.628700628108,-4.961993388071895,-5904.666707240036,-4.4464770074973785
gp62,b0_rot270,-5909.628700618337,-4.961993388071895,-5904.666707230264,-4.446476997725767
gp62,b1_rot0,-5886.713833456168,-14.480814571821584,-5872.233018884346,27.98721134819243
gp62,b1_rot90,-5886.713833450391,-14.480814571821584,-5872.233018878569,27.987211353969542
gp62,b1_rot180,-5886.713833430477,-14.480814571821584,-5872.233018858656,27.98721137388293
gp62,b1_rot270,-5886.713833453728,-14.480814571821584,-5872.233018881906,27.987211350632606
gp63,b0_rot0,-5909.628700624141,-4.961993388071895,-5904.666707236069,-4.446477003530163
gp63,b0_rot90,-5909.628700624633,-4.961993388071895,-5904.666707236561,-4.446477004022199
gp63,b0_rot180,-5909.628700616783,-4.96199338807189,-5904.666707228711,-4.4464769961723505
gp63,b0_rot270,-5909.628700625433,-4.961993388071895,-5904.666707237361,-4.446477004822555
gp63,b1_rot0,-5886.713833455322,-14.480814571821584,-5872.2330188835,27.98721134903826
gp63,b1_rot90,-5886.713833460752,-14.480814571821584,-5872.23301888893,27.98721134360858
gp63,b1_rot180,-5886.713833438912,-14.480814571821584,-5872.23301886709,27.987211365448275
gp63,b1_rot270,-5886.7138334443725,-14.480814571821584,-5872.233018872551,27.98721135998767
gp64,b0_rot0,-5909.628700628106,-4.961993388071895,-5904.666707240034,-4.4464770074955595
gp64,b0_rot90,-5909.628700623635,-4.961993388071895,-5904.666707235563,-4.446477003024484
gp64,b0_rot180,-5909.628700626333,-4.961993388071895,-5904.666707238261,-4.446477005722045
gp64,b0_rot270,-5909.62870061834,-4.961993388071895,-5904.666707230268,-4.446476997729405
gp64,b1_rot0,-5886.7138334539795,-14.480814571821584,-5872.233018882158,27.987211350380676
gp64,b1_rot90,-5886.713833442772,-14.480814571821584,-5872.23301887095,27.98721136158838
gp64,b1_rot180,-5886.713833440105,-14.480814571821584,-5872.233018868284,27.987211364255018
gp64,b1_rot270,-5886.71383346439,-14.480814571821584,-5872.233018892568,27.9872113399706
gp65,b0_rot0,-5909.628700616788,-4.96199338807189,-5904.6667072287155,-4.446476996176898
gp65,b0_rot90,-5909.628700624628,-4.961993388071895,-5904.666707236556,-4.446477004017652
gp65,b0_rot180,-5909.628700624142,-4.96199338807189,-5904.66670723607,-4.446477003531072
gp65,b0_rot270,-5909.628700625433,-4.961993388071895,-5904.666707237361,-4.446477004822555
gp65,b1_rot0,-5886.7138334446345,-14.480814571821584,-5872.233018872813,27.987211359725734
gp65,b1_rot90,-5886.713833466526,-14.480814571821584,-5872.233018894704,27.987211337834196
gp65,b1_rot180,-5886.713833452897,-14.480814571821593,-5872.233018881076,27.987211351462975
gp65,b1_rot270,-5886.713833441958,-14.480814571821584,-5872.233018870136,27.987211362402377
gp66,b0_rot0,-5909.628700626329,-4.961993388071895,-5904.666707238257,-4.446477005718407
gp66,b0_rot90,-5909.628700618334,-4.961993388071895,-5904.666707230262,-4.446476997723039
gp66,b0_rot180,-5909.628700628107,-4.961993388071895,-5904.666707240035,-4.446477007496469
gp66,b0_rot270,-5909.628700623633,-4.96199338807189,-5904.666707235561,-4.446477003022665
gp66,b1_rot0,-5886.7138334306655,-14.480814571821584,-5872.233018858844,27.987211373694663
gp66,b1_rot90,-5886.713833451528,-14.480814571821584,-5872.233018879707,27.987211352831764
gp66,b1_rot180,-5886.713833456263,-14.480814571821584,-5872.233018884442,27.987211348096935
gp66,b1_rot270,-5886.713833452415,-14.480814571821584,-5872.233018880594,27.987211351945007
gp67,b0_rot0,-5909.628700624141,-4.961993388071895,-5904.666707236069,-4.446477003530163
gp67,b0_rot90,-5909.628700625434,-4.96199338807189,-5904.666707237362,-4.446477004823464
gp67,b0_rot180,-5909.628700616788,-4.96199338807189,-5904.6667072287155,-4.446476996176898
gp67,b0_rot270,-5909.628700624629,-4.961993388071895,-5904.666707236557,-4.446477004018561
gp67,b1_rot0,-5886.713833461617,-14.480814571821584,-5872.233018889795,27.98721134274365
gp67,b1_rot90,-5886.713833440497,-14.480814571821584,-5872.233018868676,27.987211363863025
gp67,b1_rot180,-5886.713833443834,-14.480814571821584,-5872.2330188720125,27.98721136052609
gp67,b1_rot270,-5886.713833455054,-14.480814571821584,-5872.233018883232,27.987211349306563
gp68,b0_rot0,-5909.628700628106,-4.961993388071895,-5904.666707240034,-4.4464770074955595
gp68,b0_rot90,-5909.628700618334,-4.961993388071895,-5904.666707230262,-4.446476997723039
gp68,b0_rot180,-5909.628700626328,-4.961993388071895,-5904.666707238256,-4.446477005717497
gp68,b0_rot270,-5909.6287006236325,-4.961993388071895,-5904.66670723556,-4.446477003021755
gp68,b1_rot0,-5886.713833459937,-14.480814571821584,-5872.233018888115,27.987211344423486
gp68,b1_rot90,-5886.7138334553065,-14.480814571821584,-5872.233018883485,27.987211349053723
gp68,b1_rot180,-5886.713833445457,-14.480814571821584,-5872.233018873635,27.98721135890355
gp68,b1_rot270,-5886.713833433932,-14.480814571821584,-5872.233018862111,27.987211370427758
gp69,b0_rot0,-5909.628700616788,-4.96199338807189,-5904.6667072287155,-4.446476996176898
gp69,b0_rot90,-5909.6287006254315,-4.96199338807189,-5904.666707237359,-4.446477004820736
gp69,b0_rot180,-5909.6287006241455,-4.961993388071895,-5904.666707236073,-4.44647700353471
gp69,b0_rot270,-5909.628700624631,-4.961993388071895,-5904.666707236559,-4.44647700402038
gp69,b1_rot0,-5886.713833456269,-14.480814571821584,-5872.233018884447,27.987211348091478
gp69,b1_rot90,-5886.713833453608,-14.480814571821584,-5872.233018881786,27.98721135075266
gp69,b1_rot180,-5886.713833431128,-14.480814571821584,-5872.233018859306,27.98721137323264
gp69,b1_rot270,-5886.713833450312,-14.480814571821584,-5872.233018878491,27.98721135404776
gp70,b0_rot0,-5909.6287006236325,-4.961993388071895,-5904.66670723556,-4.446477003021755
gp70,b0_rot90,-5909.62870062633,-4.961993388071895,-5904.666707238258,-4.446477005719316
gp70,b0_rot180,-5909.628700618338,-4.961993388071895,-5904.666707230266,-4.446476997727586
gp70,b0_rot270,-5909.628700628104,-4.961993388071895,-5904.666707240031,-4.446477007492831
gp70,b1_rot0,-5886.713833467458,-14.480814571821584,-5872.233018895637,27.987211336901964
gp70,b1_rot90,-5886.7138334466645,-14.480814571821584,-5872.233018874843,27.98721135769574
gp70,b1_rot180,-5886.713833445035,-14.480814571821584,-5872.233018873213,27.987211359325556
gp70,b1_rot270,-5886.713833461868,-14.480814571821584,-5872.233018890046,27.98721134249263
gp71,b0_rot0,-5909.628700624629,-4.961993388071895,-5904.666707236557,-4.446477004018561
gp71,b0_rot90,-5909.628700624145,-4.96199338807189,-5904.666707236072,-4.446477003533801
gp71,b0_rot180,-5909.6287006254315,-4.961993388071895,-5904.666707237359,-4.446477004820736
gp71,b0_rot270,-5909.628700616786,-4.961993388071895,-5904.666707228714,-4.446476996175079
gp71,b1_rot0,-5886.713833463964,-14.480814571821584,-5872.233018892142,27.987211340396243
gp71,b1_rot90,-5886.71383344587,-14.480814571821584,-5872.233018874048,27.98721135849064
gp71,b1_rot180,-5886.71383344266,-14.480814571821584,-5872.233018870838,27.987211361700247
gp71,b1_rot270,-5886.7138334539695,-14.480814571821584,-5872.233018882148,27.98721135039068
gp72,b0_rot0,-5909.628700618337,-4.961993388071895,-5904.666707230264,-4.446476997725767
gp72,b0_rot90,-5909.628700626331,-4.961993388071895,-5904.666707238259,-4.446477005720226
gp72,b0_rot180,-5909.628700623631,-4.961993388071895,-5904.6667072355585,-4.446477003019936
gp72,b0_rot270,-5909.628700628107,-4.961993388071895,-5904.666707240035,-4.446477007496469
gp72,b1_rot0,-5886.713833435529,-14.480814571821584,-5872.233018863707,27.987211368831595
gp72,b1_rot90,-5886.713833461348,-14.480814571821584,-5872.233018889527,27.98721134301195
gp72,b1_rot180,-5886.713833454969,-14.480814571821584,-5872.233018883147,27.987211349391146
gp72,b1_rot270,-5886.7138334445,-14.480814571821584,-5872.233018872678,27.98721135986034
gp73,b0_rot0,-5909.628700625435,-4.96199338807189,-5904.666707237363,-4.446477004824374
gp73,b0_rot90,-5909.628700624141,-4.96199338807189,-5904.666707236069,-4.446477003530163
gp73,b0_rot180,-5909.628700624629,-4.961993388071895,-5904.666707236557,-4.446477004018561
gp73,b0_rot270,-5909.628700616786,-4.96199338807189,-5904.666707228714,-4.446476996175079
gp73,b1_rot0,-5886.713833454942,-14.480814571821584,-5872.23301888312,27.98721134941843
gp73,b1_rot90,-5886.7138334444335,-14.480814571821593,-5872.233018872612,27.987211359926732
gp73,b1_rot180,-5886.713833435663,-14.480814571821593,-5872.233018863842,27.98721136869699
gp73,b1_rot270,-5886.713833461455,-14.480814571821593,-5872.233018889633,27.98721134290554
gp74,b0_rot0,-5909.6287006236325,-4.961993388071895,-5904.66670723556,-4.446477003021755
gp74,b0_rot90,-5909.628700628106,-4.961993388071895,-5904.666707240034,-4.4464770074955595
gp74,b0_rot180,-5909.628700618336,-4.961993388071895,-5904.6667072302635,-4.446476997724858
gp74,b0_rot270,-5909.628700626335,-4.961993388071895,-5904.6667072382625,-4.446477005723864
gp74,b1_rot0,-5886.713833442401,-14.480814571821584,-5872.233018870579,27.987211361959453
gp74,b1_rot90,-5886.713833451567,-14.480814571821584,-5872.233018879745,27.987211352793565
gp74,b1_rot180,-5886.713833466111,-14.480814571821584,-5872.23301889429,27.987211338248926
gp74,b1_rot270,-5886.713833454678,-14.480814571821584,-5872.233018882856,27.987211349682184
gp75,b0_rot0,-5909.628700624629,-4.961993388071895,-5904.666707236557,-4.446477004018561
gp75,b0_rot90,-5909.628700616788,-4.96199338807189,-5904.6667072287155,-4.446476996176898
gp75,b0_rot180,-5909.628700625431,-4.961993388071895,-5904.666707237358,-4.446477004819826
gp75,b0_rot270,-5909.628700624142,-4.961993388071895,-5904.66670723607,-4.446477003531072
gp75,b1_rot0,-5886.713833456119,-14.480814571821584,-5872.233018884297,27.987211348241544
gp75,b1_rot90,-5886.713833456346,-14.480814571821584,-5872.233018884524,27.98721134801417
gp75,b1_rot180,-5886.713833433108,-14.480814571821584,-5872.233018861287,27.98721137125176
gp75,b1_rot270,-5886.713833447751,-14.480814571821584,-5872.23301887593,27.987211356608896
gp76,b0_rot0,-5909.628700618337,-4.961993388071895,-5904.666707230264,-4.446476997725767
gp76,b0_rot90,-5909.628700628106,-4.961993388071895,-5904.666707240034,-4.4464770074955595
gp76,b0_rot180,-5909.628700623631,-4.961993388071895,-5904.6667072355585,-4.446477003019936
gp76,b0_rot270,-5909.628700626335,-4.9619933880719,-5904.6667072382625,-4.446477005723864
gp76,b1_rot0,-5886.713833464594,-14.480814571821584,-5872.233018892773,27.987211339765963
gp76,b1_rot90,-5886.71383346478,-14.480814571821584,-5872.233018892958,27.987211339580426
gp76,b1_rot180,-5886.713833444882,-14.480814571821593,-5872.23301887306,27.98721135947835
gp76,b1_rot270,-5886.713833447075,-14.480814571821593,-5872.233018875253,27.98721135728556
gp77,b0_rot0,-5909.628700625435,-4.96199338807189,-5904.666707237363,-4.446477004824374
gp77,b0_rot90,-5909.628700616786,-4.96199338807189,-5904.666707228714,-4.446476996175079
gp77,b0_rot180,-5909.628700624631,-4.96199338807189,-5904.666707236559,-4.44647700402038
gp77,b0_rot270,-5909.628700624142,-4.96199338807189,-5904.66670723607,-4.446477003531072
gp77,b1_rot0,-5886.71383345814,-14.480814571821584,-5872.233018886318,27.987211346220647
gp77,b1_rot90,-5886.7138334350675,-14.480814571821584,-5872.233018863246,27.98721136929271
gp77,b1_rot180,-5886.71383344626,-14.480814571821584,-5872.233018874438,27.987211358100467
gp77,b1_rot270,-5886.7138334558895,-14.480814571821584,-5872.233018884068,27.987211348470737
gp78,b0_rot0,-5909.628700618449,-4.96199338807189,-5904.666707230377,-4.446476997838545
gp78,b0_rot90,-5909.62870061845,-4.96199338807189,-5904.666707230378,-4.446476997839454
gp78,b0_rot180,-5909.628700624373,-4.96199338807189,-5904.666707236301,-4.446477003762084
gp78,b0_rot270,-5909.628700624374,-4.96199338807189,-5904.666707236302,-4.446477003762993
gp78,b1_rot0,-5886.713833463109,-14.480814571821584,-5872.233018891287,27.987211341251168
gp78,b1_rot90,-5886.713833466544,-14.480814571821584,-5872.233018894723,27.987211337816007
gp78,b1_rot180,-5886.713833445928,-14.480814571821584,-5872.233018874106,27.987211358432432
gp78,b1_rot270,-5886.713833445825,-14.480814571821584,-5872.233018874003,27.987211358535205
gp79,b0_rot0,-5909.628700624375,-4.96199338807189,-5904.6667072363025,-4.446477003763903
gp79,b0_rot90,-5909.628700624372,-4.96199338807189,-5904.6667072363,-4.446477003761174
gp79,b0_rot180,-5909.62870061845,-4.96199338807189,-5904.666707230378,-4.446476997839454
gp79,b0_rot270,-5909.628700618449,-4.96199338807189,-5904.666707230377,-4.446476997838545
gp79,b1_rot0,-5886.713833440156,-14.480814571821584,-5872.2330188683345,27.987211364204086
gp79,b1_rot90,-5886.713833443937,-14.480814571821584,-5872.233018872115,27.987211360423316
gp79,b1_rot180,-5886.71383345511,-14.480814571821584,-5872.233018883288,27.987211349250174
gp79,b1_rot270,-5886.713833461433,-14.480814571821584,-5872.233018889611,27.987211342927367
gp80,b0_rot0,-5909.628700624371,-4.96199338807189,-5904.666707236299,-4.446477003760265
gp80,b0_rot90,-5909.628700618449,-4.96199338807189,-5904.666707230377,-4.446476997838545
gp80,b0_rot180,-5909.628700618449,-4.961993388071895,-5904.666707230377,-4.446476997838545
gp80,b0_rot270,-5909.628700624374,-4.961993388071895,-5904.666707236302,-4.446477003762993
gp80,b1_rot0,-5886.713833465106,-14.480814571821584,-5872.233018893285,27.987211339253918
gp80,b1_rot90,-5886.713833453666,-14.480814571821584,-5872.233018881844,27.98721135069445
gp80,b1_rot180,-5886.713833442447,-14.480814571821584,-5872.2330188706255,27.98721136191307
gp80,b1_rot270,-5886.713833441463,-14.480814571821584,-5872.2330188696415,27.987211362897142
gp81,b0_rot0,-5909.628700618448,-4.96199338807189,-5904.666707230376,-4.446476997837635
gp81,b0_rot90,-5909.628700624371,-4.96199338807189,-5904.666707236299,-4.446477003760265
gp81,b0_rot180,-5909.628700624372,-4.96199338807189,-5904.6667072363,-4.446477003761174
gp81,b0_rot270,-5909.628700618449,-4.96199338807189,-5904.666707230377,-4.446476997838545
gp81,b1_rot0,-5886.713833449457,-14.480814571821584,-5872.233018877635,27.987211354903593
gp81,b1_rot90,-5886.713833466127,-14.480814571821584,-5872.233018894305,27.987211338233465
gp81,b1_rot180,-5886.713833460228,-14.480814571821584,-5872.233018888406,27.987211344132447
gp81,b1_rot270,-5886.713833443271,-14.480814571821593,-5872.2330188714495,27.987211361089066
gp82,b0_rot0,-5909.628700618449,-4.96199338807189,-5904.666707230377,-4.446476997838545
gp82,b0_rot90,-5909.628700624374,-4.96199338807189,-5904.666707236302,-4.446477003762993
gp82,b0_rot180,-5909.628700624372,-4.96199338807189,-5904.6667072363,-4.446477003761174
gp82,b0_rot270,-5909.628700618449,-4.96199338807189,-5904.666707230377,-4.446476997838545
gp82,b1_rot0,-5886.7138334418,-14.480814571821584,-5872.233018869978,27.98721136256063
gp82,b1_rot90,-5886.713833446848,-14.480814571821584,-5872.233018875027,27.987211357512024
gp82,b1_rot180,-5886.713833467335,-14.480814571821584,-5872.233018895513,27.987211337025656
gp82,b1_rot270,-5886.713833452317,-14.480814571821584,-5872.233018880495,27.987211352043232
gp83,b0_rot0,-5909.628700624375,-4.96199338807189,-5904.6667072363025,-4.446477003763903
gp83,b0_rot90,-5909.628700618452,-4.96199338807189,-5904.66670723038,-4.446476997841273
gp83,b0_rot180,-5909.628700618449,-4.96199338807189,-5904.666707230377,-4.446476997838545
gp83,b0_rot270,-5909.628700624372,-4.96199338807189,-5904.6667072363,-4.446477003761174
gp83,b1_rot0,-5886.713833468883,-14.480814571821584,-5872.233018897062,27.987211335476786
gp83,b1_rot90,-5886.713833450017,-14.480814571821584,-5872.233018878195,27.987211354343344
gp83,b1_rot180,-5886.713833442355,-14.480814571821584,-5872.233018870534,27.987211362004928
gp83,b1_rot270,-5886.713833454253,-14.480814571821584,-5872.233018882432,27.987211350106918
gp84,b0_rot0,-5909.628700624371,-4.96199338807189,-5904.666707236299,-4.446477003760265
gp84,b0_rot90,-5909.628700624372,-4.96199338807189,-5904.6667072363,-4.446477003761174
gp84,b0_rot180,-5909.628700618449,-4.961993388071895,-5904.666707230377,-4.446476997838545
gp84,b0_rot270,-5909.628700618449,-4.961993388071895,-5904.666707230377,-4.446476997838545
gp84,b1_rot0,-5886.713833455984,-14.480814571821584,-5872.233018884162,27.98721134837615
gp84,b1_rot90,-5886.713833448684,-14.480814571821593,-5872.233018876863,27.987211355675754
gp84,b1_rot180,-5886.713833430962,-14.480814571821584,-5872.23301885914,27.987211373398168
gp84,b1_rot270,-5886.713833455721,-14.480814571821584,-5872.2330188839,27.987211348638994
gp85,b0_rot0,-5909.628700618448,-4.96199338807189,-5904.666707230376,-4.446476997837635
gp85,b0_rot90,-5909.628700618452,-4.96199338807189,-5904.66670723038,-4.446476997841273
gp85,b0_rot180,-5909.628700624373,-4.96199338807189,-5904.666707236301,-4.446477003762084
gp85,b0_rot270,-5909.628700624372,-4.96199338807189,-5904.6667072363,-4.446477003761174
gp85,b1_rot0,-5886.713833453083,-14.480814571821584,-5872.233018881261,27.987211351277438
gp85,b1_rot90,-5886.713833456207,-14.480814571821584,-5872.233018884385,27.987211348153323
gp85,b1_rot180,-5886.713833450969,-14.480814571821584,-5872.2330188791475,27.987211353391103
gp85,b1_rot270,-5886.713833430448,-14.480814571821584,-5872.233018858627,27.987211373912032
gp86,b0_rot0,-5909.628700629853,-4.961993388941784,-5904.666707240911,-4.446477008372312
gp86,b0_rot90,-5909.628700614975,-4.961993388941789,-5904.666707226033,-4.446476993494798
gp86,b0_rot180,-5909.6287006266375,-4.961993388941789,-5904.666707237696,-4.446477005157249
gp86,b0_rot270,-5909.628700614974,-4.961993388941784,-5904.6667072260325,-4.446476993493889
gp86,b1_rot0,-5886.7138334744495,-14.480814572884832,-5872.233018901565,27.987211330973878
gp86,b1_rot90,-5886.71383346457,-14.480814572884832,-5872.233018891685,27.98721134085372
gp86,b1_rot180,-5886.713833474915,-14.480814572884832,-5872.23301890203,27.987211330508217
gp86,b1_rot270,-5886.713833466526,-14.480814572884832,-5872.233018893641,27.987211338897396
gp87,b0_rot0,-5909.628700626635,-4.961993388941784,-5904.666707237693,-4.44647700515452
gp87,b0_rot90,-5909.628700614977,-4.961993388941784,-5904.666707226035,-4.446476993496617
gp87,b0_rot180,-5909.6287006298535,-4.961993388941784,-5904.666707240912,-4.446477008373222
gp87,b0_rot270,-5909.628700614976,-4.961993388941784,-5904.666707226034,-4.446476993495708
gp87,b1_rot0,-5886.7138334697875,-14.480814572884832,-5872.233018896903,27.987211335635948
gp87,b1_rot90,-5886.713833455767,-14.480814572884832,-5872.233018882882,27.987211349656718
gp87,b1_rot180,-5886.713833464581,-14.480814572884832,-5872.233018891696,27.987211340842805
gp87,b1_rot270,-5886.713833462225,-14.480814572884832,-5872.23301888934,27.987211343198396
gp88,b0_rot0,-5909.628700626635,-4.961993388941784,-5904.666707237693,-4.44647700515452
gp88,b0_rot90,-5909.628700614977,-4.961993388941784,-5904.666707226035,-4.446476993496617
gp88,b0_rot180,-5909.6287006298535,-4.961993388941784,-5904.666707240912,-4.446477008373222
gp88,b0_rot270,-5909.628700614976,-4.961993388941784,-5904.666707226034,-4.446476993495708
gp88,b1_rot0,-5886.713833456568,-14.480814572884832,-5872.233018883683,27.987211348855453
gp88,b1_rot90,-5886.71383346556,-14.480814572884832,-5872.233018892675,27.98721133986328
gp88,b1_rot180,-5886.71383346233,-14.480814572884832,-5872.233018889445,27.987211343093804
gp88,b1_rot270,-5886.713833470678,-14.480814572884832,-5872.233018897793,27.987211334745552
gp89,b0_rot0,-5909.628700629853,-4.961993388941784,-5904.666707240911,-4.446477008372312
gp89,b0_rot90,-5909.628700614975,-4.961993388941789,-5904.666707226033,-4.446476993494798
gp89,b0_rot180,-5909.62870062664,-4.961993388941789,-5904.666707237699,-4.446477005159977
gp89,b0_rot270,-5909.628700614974,-4.961993388941784,-5904.6667072260325,-4.446476993493889
gp89,b1_rot0,-5886.713833470351,-14.480814572884832,-5872.2330188974665,27.98721133507206
gp89,b1_rot90,-5886.713833456244,-14.480814572884832,-5872.233018883359,27.987211349179233
gp89,b1_rot180,-5886.713833465188,-14.480814572884832,-5872.233018892303,27.987211340235262
gp89,b1_rot270,-5886.713833462278,-14.480814572884832,-5872.233018889393,27.987211343145646
gp90,b0_rot0,-5909.628700626637,-4.961993388941784,-5904.666707237695,-4.446477005156339
gp90,b0_rot90,-5909.628700614974,-4.961993388941784,-5904.6667072260325,-4.446476993493889
gp90,b0_rot180,-5909.6287006298535,-4.961993388941784,-5904.666707240912,-4.446477008373222
gp90,b0_rot270,-5909.628700614976,-4.961993388941784,-5904.666707226034,-4.446476993495708
gp90,b1_rot0,-5886.71383347179,-14.480814572884832,-5872.233018898905,27.98721133363324
gp90,b1_rot90,-5886.713833465266,-14.480814572884832,-5872.233018892382,27.987211340157046
gp90,b1_rot180,-5886.713833474903,-14.480814572884832,-5872.233018902019,27.98721133052004
gp90,b1_rot270,-5886.713833462896,-14.480814572884832,-5872.233018890011,27.98721134252719
gp91,b0_rot0,-5909.628700629854,-4.961993388941784,-5904.666707240913,-4.446477008374131
gp91,b0_rot90,-5909.628700614972,-4.961993388941789,-5904.666707226031,-4.44647699349207
gp91,b0_rot180,-5909.6287006266375,-4.961993388941789,-5904.666707237696,-4.446477005157249
gp91,b0_rot270,-5909.628700614975,-4.961993388941784,-5904.666707226033,-4.446476993494798
gp91,b1_rot0,-5886.713833458553,-14.480814572884832,-5872.233018885669,27.987211346870026
gp91,b1_rot90,-5886.713833466467,-14.480814572884832,-5872.233018893582,27.987211338956513
gp91,b1_rot180,-5886.713833461635,-14.480814572884832,-5872.23301888875,27.98721134378866
gp91,b1_rot270,-5886.713833458686,-14.480814572884832,-5872.233018885801,27.98721134673724
gp92,b0_rot0,-5909.628700629854,-4.961993388941784,-5904.666707240913,-4.446477008374131
gp92,b0_rot90,-5909.628700614972,-4.961993388941789,-5904.666707226031,-4.44647699349207
gp92,b0_rot180,-5909.6287006266375,-4.961993388941789,-5904.666707237696,-4.446477005157249
gp92,b0_rot270,-5909.628700614975,-4.961993388941784,-5904.666707226033,-4.446476993494798
gp92,b1_rot0,-5886.713833466447,-14.480814572884832,-5872.233018893562,27.987211338976522
gp92,b1_rot90,-5886.713833461649,-14.480814572884832,-5872.2330188887645,27.987211343774106
gp92,b1_rot180,-5886.71383345866,-14.480814572884826,-5872.233018885775,27.987211346763615
gp92,b1_rot270,-5886.713833458557,-14.48081457288485,-5872.233018885672,27.98721134686639
gp93,b0_rot0,-5909.6287006266375,-4.961993388941784,-5904.666707237696,-4.446477005157249
gp93,b0_rot90,-5909.628700614975,-4.961993388941784,-5904.666707226033,-4.446476993494798
gp93,b0_rot180,-5909.6287006298535,-4.961993388941784,-5904.666707240912,-4.446477008373222
gp93,b0_rot270,-5909.628700614975,-4.961993388941784,-5904.666707226033,-4.446476993494798
gp93,b1_rot0,-5886.713833463178,-14.480814572884832,-5872.233018890293,27.987211342245246
gp93,b1_rot90,-5886.713833465376,-14.480814572884832,-5872.233018892492,27.987211340046997
gp93,b1_rot180,-5886.713833454957,-14.480814572884832,-5872.233018882072,27.98721135046617
gp93,b1_rot270,-5886.713833460668,-14.480814572884832,-5872.233018887783,27.98721134475545
gp94,b0_rot0,-5909.628700614972,-4.961993388941789,-5904.666707226031,-4.44647699349207
gp94,b0_rot90,-5909.628700629854,-4.961993388941784,-5904.666707240913,-4.446477008374131
gp94,b0_rot180,-5909.628700614976,-4.961993388941789,-5904.666707226034,-4.446476993495708
gp94,b0_rot270,-5909.6287006266375,-4.961993388941789,-5904.666707237696,-4.446477005157249
gp94,b1_rot0,-5886.713833464281,-14.480814572884832,-5872.233018891397,27.98721134114203
gp94,b1_rot90,-5886.713833474869,-14.480814572884832,-5872.233018901984,27.9872113305546
gp94,b1_rot180,-5886.713833464406,-14.480814572884832,-5872.233018891521,27.987211341017428
gp94,b1_rot270,-5886.713833472398,-14.480814572884832,-5872.233018899513,27.987211333025698
gp95,b0_rot0,-5909.628700614972,-4.961993388941789,-5904.666707226031,-4.44647699349207
gp95,b0_rot90,-5909.62870062664,-4.961993388941789,-5904.666707237699,-4.446477005159977
gp95,b0_rot180,-5909.628700614976,-4.961993388941789,-5904.666707226034,-4.446476993495708
gp95,b0_rot270,-5909.628700629854,-4.961993388941784,-5904.666707240913,-4.446477008374131
gp95,b1_rot0,-5886.713833469231,-14.480814572884832,-5872.233018896346,27.98721133619256
gp95,b1_rot90,-5886.71383345538,-14.480814572884832,-5872.233018882495,27.987211350043253
gp95,b1_rot180,-5886.713833464007,-14.480814572884832,-5872.233018891122,27.987211341416696
gp95,b1_rot270,-5886.713833462209,-14.480814572884832,-5872.233018889324,27.987211343214767
gp96,b0_rot0,-5909.628700614972,-4.961993388941789,-5904.666707226031,-4.44647699349207
gp96,b0_rot90,-5909.62870062664,-4.961993388941789,-5904.666707237699,-4.446477005159977
gp96,b0_rot180,-5909.628700614976,-4.961993388941789,-5904.666707226034,-4.446476993495708
gp96,b0_rot270,-5909.6287006298535,-4.961993388941784,-5904.666707240912,-4.446477008373222
gp96,b1_rot0,-5886.713833459012,-14.480814572884832,-5872.233018886127,27.98721134641164
gp96,b1_rot90,-5886.7138334650745,-14.480814572884832,-5872.23301889219,27.98721134034895
gp96,b1_rot180,-5886.713833462792,-14.480814572884832,-5872.233018889907,27.98721134263178
gp96,b1_rot270,-5886.713833456953,-14.480814572884832,-5872.233018884068,27.987211348470737
gp97,b0_rot0,-5909.628700614972,-4.961993388941789,-5904.666707226031,-4.44647699349207
gp97,b0_rot90,-5909.628700629854,-4.961993388941784,-5904.666707240913,-4.446477008374131
gp97,b0_rot180,-5909.628700614976,-4.961993388941789,-5904.666707226034,-4.446476993495708
gp97,b0_rot270,-5909.6287006266375,-4.961993388941789,-5904.666707237696,-4.446477005157249
gp97,b1_rot0,-5886.713833469976,-14.480814572884832,-5872.233018897091,27.987211335447682
gp97,b1_rot90,-5886.7138334559195,-14.480814572884832,-5872.233018883035,27.987211349503923
gp97,b1_rot180,-5886.71383346478,-14.480814572884832,-5872.233018891895,27.987211340643626
gp97,b1_rot270,-5886.713833462238,-14.480814572884832,-5872.233018889353,27.987211343185663
gp98,b0_rot0,-5909.628700614971,-4.961993388941789,-5904.66670722603,-4.44647699349116
gp98,b0_rot90,-5909.62870062664,-4.961993388941789,-5904.666707237699,-4.446477005159977
gp98,b0_rot180,-5909.628700614979,-4.961993388941789,-5904.666707226037,-4.446476993498436
gp98,b0_rot270,-5909.6287006298535,-4.961993388941789,-5904.666707240912,-4.446477008373222
gp98,b1_rot0,-5886.713833465111,-14.480814572884832,-5872.233018892226,27.98721134031257
gp98,b1_rot90,-5886.713833474839,-14.480814572884832,-5872.233018901954,27.987211330584614
gp98,b1_rot180,-5886.713833462801,-14.480814572884832,-5872.233018889916,27.987211342622686
gp98,b1_rot270,-5886.713833471598,-14.480814572884832,-5872.233018898713,27.987211333825144
gp99,b0_rot0,-5909.628700614971,-4.961993388941789,-5904.66670722603,-4.44647699349116
gp99,b0_rot90,-5909.628700629852,-4.961993388941789,-5904.66670724091,-4.446477008371403
gp99,b0_rot180,-5909.628700614979,-4.961993388941789,-5904.666707226037,-4.446476993498436
gp99,b0_rot270,-5909.628700626639,-4.961993388941789,-5904.666707237698,-4.446477005159068
gp99,b1_rot0,-5886.7138334547735,-14.480814572884832,-5872.233018881889,27.987211350649886
gp99,b1_rot90,-5886.713833461112,-14.480814572884832,-5872.233018888227,27.987211344311618
gp99,b1_rot180,-5886.713833462905,-14.480814572884832,-5872.2330188900205,27.987211342518094
gp99,b1_rot270,-5886.713833465965,-14.480814572884832,-5872.23301889308,27.987211339458554
gp100,b0_rot0,-5909.628700614971,-4.961993388941789,-5904.66670722603,-4.44647699349116
gp100,b0_rot90,-5909.628700629852,-4.961993388941789,-5904.66670724091,-4.446477008371403
gp100,b0_rot180,-5909.628700614979,-4.961993388941789,-5904.666707226037,-4.446476993498436
gp100,b0_rot270,-5909.628700626639,-4.961993388941789,-5904.666707237698,-4.446477005159068
gp100,b1_rot0,-5886.71383346064,-14.480814572884832,-5872.233018887755,27.987211344783645
gp100,b1_rot90,-5886.713833461413,-14.480814572884832,-5872.233018888528,27.987211344010575
gp100,b1_rot180,-5886.71383345867,-14.480814572884832,-5872.233018885785,27.98721134675361
gp100,b1_rot270,-5886.713833468543,-14.480814572884832,-5872.2330188956585,27.987211336880137
gp101,b0_rot0,-5909.628700614971,-4.961993388941789,-5904.66670722603,-4.44647699349116
gp101,b0_rot90,-5909.62870062664,-4.961993388941789,-5904.666707237699,-4.446477005159977
gp101,b0_rot180,-5909.628700614979,-4.961993388941789,-5904.666707226037,-4.446476993498436
gp101,b0_rot270,-5909.6287006298535,-4.961993388941789,-5904.666707240912,-4.446477008373222
gp101,b1_rot0,-5886.713833471321,-14.480814572884832,-5872.233018898436,27.98721133410254
gp101,b1_rot90,-5886.713833463961,-14.480814572884832,-5872.233018891076,27.98721134146217
gp101,b1_rot180,-5886.713833474489,-14.480814572884832,-5872.233018901604,27.98721133093477
gp101,b1_rot270,-5886.713833463118,-14.480814572884832,-5872.233018890233,27.987211342305272
gp102,b0_rot0,-5909.628700630068,-4.961993388941789,-5904.6667072411265,-4.446477008587863
gp102,b0_rot90,-5909.628700621914,-4.961993388941793,-5904.666707232972,-4.446477000433333
gp102,b0_rot180,-5909.628700628468,-4.961993388941784,-5904.666707239527,-4.4464770069880615
gp102,b0_rot270,-5909.628700620485,-4.961993388941789,-5904.666707231543,-4.446476999004517
gp102,b1_rot0,-5886.713833462456,-14.480814572884832,-5872.233018889571,27.987211342967385
gp102,b1_rot90,-5886.713833470946,-14.480814572884832,-5872.233018898061,27.98721133447725
gp102,b1_rot180,-5886.713833464571,-14.480814572884832,-5872.233018891686,27.98721134085281
gp102,b1_rot270,-5886.713833474585,-14.480814572884832,-5872.2330189017,27.987211330838363
gp103,b0_rot0,-5909.628700628475,-4.961993388941784,-5904.666707239533,-4.446477006994428
gp103,b0_rot90,-5909.628700621912,-4.961993388941784,-5904.66670723297,-4.446477000431514
gp103,b0_rot180,-5909.628700630069,-4.961993388941784,-5904.666707241127,-4.446477008588772
gp103,b0_rot270,-5909.628700620487,-4.961993388941793,-5904.666707231545,-4.446476999006336
gp103,b1_rot0,-5886.7138334711035,-14.480814572884832,-5872.233018898219,27.98721133431991
gp103,b1_rot90,-5886.7138334604615,-14.480814572884832,-5872.233018887577,27.987211344961906
gp103,b1_rot180,-5886.713833464974,-14.480814572884832,-5872.23301889209,27.987211340448994
gp103,b1_rot270,-5886.71383346005,-14.480814572884832,-5872.233018887166,27.987211345372998
gp104,b0_rot0,-5909.628700630068,-4.961993388941789,-5904.6667072411265,-4.446477008587863
gp104,b0_rot90,-5909.628700620487,-4.961993388941784,-5904.666707231545,-4.446476999006336
gp104,b0_rot180,-5909.628700628469,-4.961993388941784,-5904.666707239528,-4.446477006988971
gp104,b0_rot270,-5909.6287006219145,-4.9619933889417975,-5904.666707232973,-4.446477000434243
gp104,b1_rot0,-5886.713833455252,-14.480814572884832,-5872.233018882367,27.987211350171492
gp104,b1_rot90,-5886.71383346378,-14.480814572884832,-5872.233018890895,27.98721134164316
gp104,b1_rot180,-5886.713833462212,-14.480814572884832,-5872.2330188893275,27.98721134321113
gp104,b1_rot270,-5886.713833469006,-14.480814572884832,-5872.233018896121,27.987211336417204
gp105,b0_rot0,-5909.628700628475,-4.961993388941784,-5904.666707239533,-4.446477006994428
gp105,b0_rot90,-5909.628700620487,-4.961993388941793,-5904.666707231545,-4.446476999006336
gp105,b0_rot180,-5909.628700630068,-4.961993388941784,-5904.6667072411265,-4.446477008587863
gp105,b0_rot270,-5909.628700621916,-4.961993388941784,-5904.666707232975,-4.446477000436062
gp105,b1_rot0,-5886.713833465121,-14.480814572884832,-5872.233018892236,27.987211340302565
gp105,b1_rot90,-5886.7138334627425,-14.480814572884832,-5872.233018889858,27.987211342680894
gp105,b1_rot180,-5886.713833457011,-14.480814572884832,-5872.233018884126,27.98721134841253
gp105,b1_rot270,-5886.713833458987,-14.480814572884832,-5872.233018886102,27.987211346436197
gp106,b0_rot0,-5909.6287006219145,-4.961993388941784,-5904.666707232973,-4.446477000434243
gp106,b0_rot90,-5909.628700630066,-4.961993388941784,-5904.666707241125,-4.446477008586044
gp106,b0_rot180,-5909.628700620485,-4.961993388941784,-5904.666707231543,-4.446476999004517
gp106,b0_rot270,-5909.628700628468,-4.961993388941793,-5904.666707239527,-4.4464770069880615
gp106,b1_rot0,-5886.713833466121,-14.480814572884832,-5872.2330188932365,27.98721133930212
gp106,b1_rot90,-5886.713833473984,-14.480814572884832,-5872.233018901099,27.98721133143954
gp106,b1_rot180,-5886.713833464582,-14.480814572884832,-5872.233018891698,27.987211340840986
gp106,b1_rot270,-5886.7138334750425,-14.480814572884832,-5872.233018902158,27.987211330380887
gp107,b0_rot0,-5909.628700620487,-4.961993388941784,-5904.666707231545,-4.446476999006336
gp107,b0_rot90,-5909.62870063007,-4.9619933889417975,-5904.666707241128,-4.446477008589682
gp107,b0_rot180,-5909.628700621912,-4.961993388941784,-5904.66670723297,-4.446477000431514
gp107,b0_rot270,-5909.628700628469,-4.961993388941784,-5904.666707239528,-4.446477006988971
gp107,b1_rot0,-5886.713833461109,-14.480814572884832,-5872.233018888224,27.987211344314346
gp107,b1_rot90,-5886.713833462906,-14.480814572884832,-5872.233018890021,27.987211342517185
gp107,b1_rot180,-5886.713833465959,-14.480814572884832,-5872.233018893075,27.98721133946401
gp107,b1_rot270,-5886.713833454777,-14.480814572884832,-5872.233018881892,27.98721135064625
gp108,b0_rot0,-5909.6287006219145,-4.961993388941784,-5904.666707232973,-4.446477000434243
gp108,b0_rot90,-5909.628700628468,-4.961993388941793,-5904.666707239527,-4.4464770069880615
gp108,b0_rot180,-5909.628700620487,-4.961993388941784,-5904.666707231545,-4.446476999006336
gp108,b0_rot270,-5909.628700630066,-4.961993388941784,-5904.666707241125,-4.446477008586044
gp108,b1_rot0,-5886.713833462695,-14.480814572884832,-5872.23301888981,27.987211342728187
gp108,b1_rot90,-5886.713833472077,-14.480814572884832,-5872.233018899192,27.98721133334675
gp108,b1_rot180,-5886.713833458286,-14.480814572884832,-5872.233018885401,27.987211347137418
gp108,b1_rot270,-5886.713833467272,-14.480814572884832,-5872.233018894387,27.98721133815161
gp109,b0_rot0,-5909.628700620487,-4.961993388941784,-5904.666707231545,-4.446476999006336
gp109,b0_rot90,-5909.62870062847,-4.961993388941784,-5904.6667072395285,-4.4464770069898805
gp109,b0_rot180,-5909.628700621917,-4.961993388941789,-5904.666707232976,-4.446477000436971
gp109,b0_rot270,-5909.628700630065,-4.961993388941793,-5904.666707241124,-4.446477008585134
gp109,b1_rot0,-5886.713833463722,-14.480814572884832,-5872.233018890837,27.987211341701368
gp109,b1_rot90,-5886.7138334594165,-14.480814572884832,-5872.233018886532,27.987211346006916
gp109,b1_rot180,-5886.713833470228,-14.480814572884832,-5872.233018897343,27.987211335195752
gp109,b1_rot270,-5886.713833460395,-14.480814572884832,-5872.23301888751,27.9872113450283
